Workbook

Sheet Data
A1: Cabang | B1: ID | C1: Nama | D1: Label | E1: Hari kerja | F1: Hari aktif | G1: Ontime | H1: Telat | I1: Telat (menit) | J1: Pulang awal | K1: Alpha | L1: Izin | M1: Sakit | N1: Cuti | O1: Sisa cuti | P1: Lembur <1 jam | Q1: Lembur 1-2 jam | R1: Lembur >2 jam
A2: Ngawi | B2: K001 | C2: Ahmad Fauzi | D2: EXCELLENT | E2: 25 | F2: 25 | G2: 25 | H2: 0 | I2: 0 | J2: 0 | K2: 0 | L2: 0 | M2: 0 | N2: 0 | O2: 6 | P2: 2 | Q2: 1 | R2: 0
A3: Ngawi | B3: K003 | C3: Budi Santoso | D3: BAD | E3: 25 | F3: 21 | G3: 14 | H3: 7 | I3: 72 | J3: 2 | K3: 1 | L3: 2 | M3: 0 | N3: 1 | O3: 5 | P3: 1 | Q3: 0 | R3: 0
A4: Ngawi | B4: K004 | C4: Rina Wati | D4: GOOD | E4: 25 | F4: 24 | G4: 23 | H4: 1 | I4: 4 | J4: 0 | K4: 0 | L4: 1 | M4: 0 | N4: 0 | O4: 6 | P4: 0 | Q4: 0 | R4: 0
A5: Ngawi | B5: K002 | C5: Siti Rohmah | D5: GOOD | E5: 25 | F5: 22 | G5: 20 | H5: 2 | I5: 9 | J5: 0 | K5: 0 | L5: 0 | M5: 2 | N5: 1 | O5: 4 | P5: 3 | Q5: 1 | R5: 0
A7: Data dari aplikasi absensi, September 2026. Semua angka dalam hari, kecuali Telat (menit).

Sheet Gaji
A1: Cabang | B1: ID | C1: Nama | D1: Gaji pokok | E1: Jabatan | F1: Performa | G1: Kehadiran | H1: Lembur | I1: Bonus hadir | J1: Hari aktif | K1: Sisa cuti | L1: Ontime | M1: Telat | N1: Izin | O1: Sakit | P1: Cuti | Q1: Piutang | R1: Potongan | S1: Sisa | T1: Jumlah pendapatan | U1: Jumlah potongan | V1: Total gaji
A2: =Data!A2 -> Ngawi | B2: =Data!B2 -> K001 | C2: =Data!C2 -> Ahmad Fauzi | D2: 750000 | E2: 50000 | F2: 200000 | G2: 750000 | H2: 70000 | I2: 125000 | J2: =INDEX(Data!$F:$F,MATCH($B2,Data!$B:$B,0)) -> 25 | K2: =INDEX(Data!$O:$O,MATCH($B2,Data!$B:$B,0)) -> 6 | L2: =INDEX(Data!$G:$G,MATCH($B2,Data!$B:$B,0)) -> 25 | M2: =INDEX(Data!$H:$H,MATCH($B2,Data!$B:$B,0)) -> 0 | N2: =INDEX(Data!$L:$L,MATCH($B2,Data!$B:$B,0)) -> 0 | O2: =INDEX(Data!$M:$M,MATCH($B2,Data!$B:$B,0)) -> 0 | P2: =INDEX(Data!$N:$N,MATCH($B2,Data!$B:$B,0)) -> 0 | T2: =SUM(D2:I2) -> 1945000 | U2: =Q2+R2 -> 0 | V2: =T2-U2 -> 1945000
A3: =Data!A3 -> Ngawi | B3: =Data!B3 -> K003 | C3: =Data!C3 -> Budi Santoso | J3: =INDEX(Data!$F:$F,MATCH($B3,Data!$B:$B,0)) -> 21 | K3: =INDEX(Data!$O:$O,MATCH($B3,Data!$B:$B,0)) -> 5 | L3: =INDEX(Data!$G:$G,MATCH($B3,Data!$B:$B,0)) -> 14 | M3: =INDEX(Data!$H:$H,MATCH($B3,Data!$B:$B,0)) -> 7 | N3: =INDEX(Data!$L:$L,MATCH($B3,Data!$B:$B,0)) -> 2 | O3: =INDEX(Data!$M:$M,MATCH($B3,Data!$B:$B,0)) -> 0 | P3: =INDEX(Data!$N:$N,MATCH($B3,Data!$B:$B,0)) -> 1 | T3: =SUM(D3:I3) -> 0 | U3: =Q3+R3 -> 0 | V3: =T3-U3 -> 0
A4: =Data!A4 -> Ngawi | B4: =Data!B4 -> K004 | C4: =Data!C4 -> Rina Wati | J4: =INDEX(Data!$F:$F,MATCH($B4,Data!$B:$B,0)) -> 24 | K4: =INDEX(Data!$O:$O,MATCH($B4,Data!$B:$B,0)) -> 6 | L4: =INDEX(Data!$G:$G,MATCH($B4,Data!$B:$B,0)) -> 23 | M4: =INDEX(Data!$H:$H,MATCH($B4,Data!$B:$B,0)) -> 1 | N4: =INDEX(Data!$L:$L,MATCH($B4,Data!$B:$B,0)) -> 1 | O4: =INDEX(Data!$M:$M,MATCH($B4,Data!$B:$B,0)) -> 0 | P4: =INDEX(Data!$N:$N,MATCH($B4,Data!$B:$B,0)) -> 0 | T4: =SUM(D4:I4) -> 0 | U4: =Q4+R4 -> 0 | V4: =T4-U4 -> 0
A5: =Data!A5 -> Ngawi | B5: =Data!B5 -> K002 | C5: =Data!C5 -> Siti Rohmah | J5: =INDEX(Data!$F:$F,MATCH($B5,Data!$B:$B,0)) -> 22 | K5: =INDEX(Data!$O:$O,MATCH($B5,Data!$B:$B,0)) -> 4 | L5: =INDEX(Data!$G:$G,MATCH($B5,Data!$B:$B,0)) -> 20 | M5: =INDEX(Data!$H:$H,MATCH($B5,Data!$B:$B,0)) -> 2 | N5: =INDEX(Data!$L:$L,MATCH($B5,Data!$B:$B,0)) -> 0 | O5: =INDEX(Data!$M:$M,MATCH($B5,Data!$B:$B,0)) -> 2 | P5: =INDEX(Data!$N:$N,MATCH($B5,Data!$B:$B,0)) -> 1 | T5: =SUM(D5:I5) -> 0 | U5: =Q5+R5 -> 0 | V5: =T5-U5 -> 0
C7: Petunjuk:
C8: Kolom kuning (huruf biru): diisi manual oleh bagian keuangan.
C9: Huruf hijau: terisi otomatis dari sheet Data, jangan diubah.
C10: Jumlah pendapatan, Jumlah potongan, dan Total gaji dihitung otomatis.
